,keywords,title,pubdate
0,"lost,everything,recent,bushfires,say","'A slap in the face': This family has received just $1,280 two months after their home burned down",2020-01-16T18:13:42Z
1,"police,set,taskforce,investigate,69-year-old",Police launch murder probe after body of 69yo sex worker found in her Sydney unit,2020-01-17T03:16:00Z
2,"us,say,troop,treated,concussion",Several US troops were wounded in Iran missile attack in Iraq,2020-01-17T06:35:00Z
3,"human,right,group,criticise,lebanese",Lebanon releases protesters as rights groups slam security forces,2020-01-17T10:52:00Z
4,"sentenced,55-year,jail,term,violent",Pakistani far-right activists sentenced over blasphemy protests,2020-01-17T10:18:00Z
5,"vulvas,psychic,junk,science,oh",Goop’s Netflix series: It’s so much worse than I expected and I can’t unsee it,2020-01-17T08:01:06+00:00
6,"may,apps,run,faster,battery",Performance-oriented “Pro” mode for Macs found in latest macOS beta,2020-01-16T23:10:02+00:00
7,"judge,recently,ordered,site,owner","GirlsDoPorn website goes offline after $13M judgment, criminal charges",2020-01-16T22:41:58+00:00
8,"troubled,series,floundered,development,hell","Snowpiercer series finally coming to TNT, and here’s the first teaser to prove it",2020-01-16T22:25:00+00:00
9,"developer,youll,need,flash,os",The PinePhone starts shipping—a Linux-powered smartphone for $150,2020-01-16T20:30:42+00:00
10,"still,tariff,used,new,one","Trump, China sign new trade deal staving off impending tech tariffs",2020-01-16T19:57:55+00:00
11,"follows,plan,launch,mlb,show",Report: Major PlayStation-exclusive series will get a PC port this year,2020-01-16T19:44:05+00:00
12,"customer,get,refund,debt,relief","Comcast settles lying allegations, will issue refunds and cancel debts",2020-01-16T19:29:56+00:00
13,"plus,deal,airpods,lot,anker",Dealmaster: Take 33% off a 12-month subscription to Amazon’s Audible service,2020-01-16T19:12:33+00:00
14,"sense,photonics,innovative,method,package","Most lidars today have between 1 and 128 lasers—this one has 11,000",2020-01-16T18:50:30+00:00
15,"lumpkin,ga.,ap,locked,guarded","AP visits immigration courts across US, finds nonstop chaos",2020-01-16T15:37:53Z
16,"washington,ap,u.s.,senate,opened",Trump's trial begins at the start of an election year,2020-01-17T05:09:28Z
17,"tehran,iran,ap,irans,supreme",Top Iran leader: Trump is a 'clown' who will betray Iranians,2020-01-17T04:37:35Z
18,"trump,washington,ap,selfies,women",Trump campaign tries robust outreach to expand his appeal,2020-01-17T05:53:03Z
19,"london,ap,prince,charles,future",Royal rift: UK monarchy will look smaller when dust settles,2020-01-17T07:40:40Z
20,"wittenberg,germany,ap,high,wall",Germany: ugly anti-Semitic remnant at center of court battle,2020-01-17T08:52:43Z
21,"tagaytay,philippines,ap,erupting,philippine",Philippine volcano still 'life threatening' despite lull,2020-01-17T02:53:15Z
22,"beijing,ap,lunar,new,year",World's biggest yearly human migration begins again in China,2020-01-17T05:44:58Z
23,"rare,move,irans,supreme,leader",Iran's Khamenei to lead prayers amid crash outrage,2020-01-17T03:23:06Z
24,"article,impeachment,read,aloud,senate",Pelosi warns senators to 'not be Trump henchmen',2020-01-16T18:06:00Z
25,"long,signature,dramatic,procession,cry","Why Pelosi used so many pens, and other impeachment oddities",2020-01-16T21:35:13Z
26,"time,chinas,population,hit,billion",Chinese birth rate falls to lowest in PRC history,2020-01-17T04:20:13Z
27,"makers,flavouring,agent,launch,campaign",Food fight takes aim at dictionary entry,2020-01-16T20:48:32Z
28,"oil-rich,north,african,country,beset",What's behind the fight for Libya?,2020-01-17T00:04:27Z
29,"said,hurtful,many,people,fan",Eminem criticised for rap about Manchester bombing,2020-01-17T10:18:56Z
30,"european,parliament,member,want,tech",Why Apple may have to abandon its Lightning cable,2020-01-17T02:53:04Z
31,"pm,honcharuk,appears,mock,president",Ukraine PM offers to quit in audiotape furore,2020-01-17T08:41:22Z
32,"authorities,panamas,ngbe-bugl,region,believe",Panama finds seven dead in suspected sect exorcism,2020-01-17T00:51:38Z
33,"england,aim,post,sizeable,first-innings",England resume on 224-4 - listen to The Cricket Social,2020-01-17T07:51:00Z
34,"cleveland,browns,wide,receiver,odell",Odell Beckham Jr: New Orleans police issue arrest warrant for Cleveland Browns player,2020-01-16T18:50:55Z
35,"margaret,court,quiet,champion,unrivalled",Australian Open 2020: Margaret Court to be 'recognised' - why is she such a divisive figure?,2020-01-17T00:01:59Z
36,"test,south,africa,pace,bowler",Kagiso Rabada: South Africa pace bowler banned for final England Test,2020-01-17T09:24:25Z
37,"conor,mcgregor,say,better,place",UFC 246: Conor McGregor in a 'better place' before comeback against Donald Cerrone,2020-01-17T08:17:09Z
38,"mark,lawrenson,take,king,gary",Premier League predictions: Lawro v King Gary star Tom Davis,2020-01-16T18:28:37Z
39,"point,watford,side,reborn,nigel",Nigel Pearson: How Watford boss is engineering great escape,2020-01-17T06:34:35Z
40,"manchester,united,agree,1.28m,1.5m",Ashley Young: Manchester United agree fee with Inter Milan,2020-01-16T19:01:43Z
41,"finish,carlos,sainz,comfortably,ahead",Dakar Rally: Carlos Sainz wins third title as Fernando Alonso finishes 13th,2020-01-17T10:14:15Z
42,"saracens,facing,relegation,premiership,found",Saracens facing relegation from Premiership over salary cap breaches,2020-01-17T07:52:03Z
43,"democrats,standard,obama,ought,impeached",Seven Times the GAO Found the Obama Administration Violated Federal Law | Breitbart,2020-01-17T02:42:04Z
44,"president,parnas,trump,thursdays,broadcast",Schumer: 'I Tend to Believe Parnas' When He Says He Knew Trump | Breitbart,2020-01-17T04:57:23Z
45,"ukrainian,foreign,minister,vadym,prystaiko",Ukrainian FM on Lev Parnas: ‘I Don’t Trust Any Word He Is Now Saying’,2020-01-16T23:59:12Z
46,"thursdays,broadcast,fox,business,networks",W.H. Spox Grisham: 'I Wonder' if Impeachment Timing 'Was to Help' One 2020 Dem. Candidate | Breitbart,2020-01-17T02:25:09Z
47,"anchor,wolf,blitzer,said,thursdays","CNN's Blitzer: McSally Attack 'Disgusting,' 'Awful' | Breitbart",2020-01-17T00:39:27Z
48,"rep.,ilhan,omar,d-mn,thursday",Ilhan Omar: President Trump 'Must Step Down' | Breitbart,2020-01-17T00:54:55Z
49,"ices,acting,director,said,wednesday",ICE Acting Director: ‘Recycled’ Children Are Trafficked at Border,2020-01-17T04:28:36Z
50,"michael,tracey,say,major,political",Michael Tracey: Major Political Liability for Bernie to Endorse Open Borders,2020-01-17T02:44:20Z
51,"illegal,alien,indicted,allegedly,sexually",Sanctuary State: Illegal Alien Indicted for 92-Year-Old Woman's Murder,2020-01-17T01:40:09Z
52,"city,new,york,mayor,bill",De Blasio: 'Right to Hold the Standard' by Freeing Alleged Illegal Murderer,2020-01-17T02:24:06Z
53,"lev,parnas,michael,cohen,described","Trump wanted allies who treat him like cult leader, now backfiring - Business Insider",2020-01-17T07:12:24Z
54,"faa,investigator,looking,delta,flight",CNN expert: Delta jet fuel dump on LAX school kids down to poor comms - Business Insider,2020-01-17T02:25:12Z
55,"top-rated,tech,green,energy,investor",Green energy and tech investing advice from top-rated Garvin Jabusch - Business Insider,2020-01-16T21:04:56Z
56,"parnas,president,donald,trump,repeatedly",Lev Parnas: I'll show pics every time Trump claims not to know me - Business Insider,2020-01-17T10:46:26Z
57,"manny,pacquiao,end,career,fight","Manny Pacquiao could retire after fighting Conor McGregor, says expert - Business Insider",2020-01-17T10:56:00Z
58,"queen,may,financially,supportingprince,harry",Here's where the royal family gets their money - Business Insider,2020-01-16T18:20:00Z
59,"iran,fired,barrage,missile,al",11 US soldiers got concussion symptoms after Iran missile strike - Business Insider,2020-01-17T03:28:12Z
60,"virus,cause,pneumonia-like,symptom,family",China's pneumonia-like virus a reminder we're not ready for a pandemic - Business Insider,2020-01-16T23:43:00Z
61,"boris,johnsons,administration,distancing,trump",UK prepares to ignore Trump's threats and call his 'bluff' on Huawei - Business Insider,2020-01-17T09:16:02Z
62,"eagle,got,advice,bad,lip","How to get famous online, according to former YouTube exec Will Eagle - Business Insider",2020-01-17T09:00:00Z
63,"lev,parnas,michael,cohen,described","Trump wanted allies who treat him like cult leader, now backfiring - Business Insider",2020-01-17T07:12:24Z
64,"texas-based,pinnacle,logistics,plan,lay","Amazon contractor Pinnacle Logistics to lay off 1,600 workers - Business Insider",2020-01-16T21:54:07Z
65,"website,predictit,people,place,bet","Trump impeachment odds, according to political betting site PredictIt - Business Insider",2020-01-16T19:16:30Z
66,"top-rated,tech,green,energy,investor",Green energy and tech investing advice from top-rated Garvin Jabusch - Business Insider,2020-01-16T21:04:56Z
67,"queen,may,financially,supportingprince,harry",Here's where the royal family gets their money - Business Insider,2020-01-16T18:20:00Z
68,"iran,fired,barrage,missile,al",11 US soldiers got concussion symptoms after Iran missile strike - Business Insider,2020-01-17T03:28:12Z
69,"general,mills,company,behind,brand",General Mills invests in Gathered Foods Good Catch plant-based seafood - Business Insider,2020-01-16T22:00:22Z
70,"call,part,broad,effort,trump",Trump tweets in all-caps that he 'JUST GOT IMPEACHED FOR MAKING A PERFECT PHONE CALL!' - Business Insider,2020-01-16T21:51:06Z
71,"virus,cause,pneumonia-like,symptom,family",China's pneumonia-like virus a reminder we're not ready for a pandemic - Business Insider,2020-01-16T23:43:00Z
72,"interim,ceo,robert,fisher,said","Gap cancels plan to spin off Old Navy, citing 'cost and complexity' - Business Insider",2020-01-16T22:01:05Z
73,"beijing,would,want,stabilize,economy","China to stick to 'phase one' commitments, holding trade deal through US election, TS Lombard says",2020-01-17T05:22:10Z
74,"peacock,free,consist,hour,programming",NBC's streaming service Peacock will have free version and two subscription tiers starting at $4.99,2020-01-16T21:00:03Z
75,"company,gap,inc.,called,plan","Gap is no longer spinning off Old Navy, sending shares higher",2020-01-16T21:19:27Z
76,"credit,card,picking,right,depends",Take the CNBC Select quiz to find the right credit card for you,2020-01-08T19:01:01Z
77,"u.s.,government,debt,price,lower",Treasury yields move higher as investors await economic data,2020-01-17T07:50:25Z
78,"u.s.,stock,index,future,slightly",US futures point to higher open,2020-01-17T07:37:51Z
79,"check,company,making,headline,hour","Stocks making the biggest moves after hours: Gap, CSX and Progress Software",2020-01-16T22:44:28Z
80,"earnings,season,continues,well,get","Earnings, consumer sentiment, job openings data: 3 things to watch for in the markets on Friday",2020-01-16T21:05:04Z
81,"theres,nowhere,left,republicans,senator",Republicans on the spot as Senate braces for impeachment drama,2020-01-17T07:17:45Z
82,"sworn,ninety-nine,us,senator,thursday",Senators swear impeachment oath amid new allegations of White House lawbreaking,2020-01-17T05:03:38Z
83,"republican,party,leader,delaware,kicked",Delaware GOP leader is ousted after comment singling out Jewish supporters of Trump impeachment,2020-01-17T08:08:14Z
84,"thursday,became,official,senate,impeachment",8 senators to watch in the impeachment trial,2020-01-16T23:52:58Z
85,"president,senate,impeachment,trial,vice",Pence urges Senate Democrats to flip on impeachment in op-ed,2020-01-17T03:13:00Z
86,"several,us,service,member,injured",US troops were injured in Iran missile attack despite Pentagon initially saying there were no casualties,2020-01-17T02:31:35Z
87,"secretary,state,mike,pompeo,maintained",Pompeo stonewalls as evidence emerges of possible surveillance of ex-Ukraine ambassador,2020-01-16T21:48:58Z
88,"wife,presidential,candidate,andrew,yang",Exclusive: Evelyn Yang reveals she was sexually assaulted by her OB-GYN while pregnant,2020-01-17T07:06:08Z
89,"fujifilms,x-pro3,great,street,photography",Fujifilm X-Pro3 review: One peculiar camera,2020-01-16T15:00:00Z
90,"company,blame,rise,e-commerce",Bose is closing down all of its US and European stores,2020-01-16T13:51:00Z
91,"20gb,data,included,name,address",Porn cam network leaked sensitive data for thousands of models,2020-01-16T21:00:00Z
92,"good,chance,revisit,aloys,adventure",'Horizon: Zero Dawn' is reportedly coming to PC this year,2020-01-16T21:28:00Z
93,"nanoxs,digital,x-ray,tech,far",Star Trek-inspired medical bed could make X-rays more affordable,2020-01-16T13:00:00Z
94,"lucifer,staging,two,family,reunion","<em>Lucifer</em> finally casts God onscreen, reuniting <em>24 </em>presidents",2020-01-06T17:00:01Z
95,"berlin,branch,madame,tussauds,unveiled",Nicki Minaj just got a Madame Tussauds wax figure — and fans think it looks nothing like her,2020-01-07T22:22:52Z
96,"sag-aftras,office,evacuated,threatening,phone",SAG-AFTRA buildings in L.A. and N.Y. evacuated after threatening phone call,2020-01-07T22:11:44Z
97,"howard,stern,show,alec,baldwin",Alec Baldwin shares his emotional reaction to <em>The Irishman</em>: 'I got a tear in my eye',2020-01-07T22:03:09Z
98,"kelly,clarkson,add,another,lady",'You and I' should listen to Kelly Clarkson's cover of that Lady Gaga hit,2020-01-07T21:11:33Z
99,"star,supernatural,jared,padalecki,responded",<em>Supernatural</em> creator freaks out after Mark Hamill tweets about his 'cameo',2020-01-07T20:56:09Z
100,"dune,isnt,adapted,new,movie",See first images from the <em>Dune</em> graphic novel,2020-01-07T20:54:14Z
101,"tyler,rob,lowe,costars,alongside",Rob Lowe reveals how Steven Tyler helped him stay sober,2020-01-07T20:43:23Z
102,"new,netflixs,docuseries,killer,inside",Trailer for Netflix's <em>Killer Inside</em> highlights rise and fall of NFL star Aaron Hernandez,2020-01-07T20:36:56Z
103,"acclaimed,author,also,reveals,character",Isabel Allende reflects on the books that have inspired her,2020-01-07T20:34:37Z
104,"major,league,baseball,said,thursday",MLB: No evidence Astros used wearable devices,2020-01-17T01:09:00Z
105,"joe,burrows,father,life,ohio",Dad: Joe Burrow would be happy with Bengals,2020-01-17T03:42:00Z
106,"must,team,weekend,advance,super","Game plan keys for Titans, Chiefs, Packers and 49ers: How each advances to the Super Bowl",2020-01-16T12:30:00Z
107,"ashley,young,landed,milan,undergo",Young arrives for Inter medical,2020-01-17T01:00:00Z
108,"juventus,striker,gonzalo,higuain,opened",Higuain: &#039;Sarri and I both stubborn!&#039;,2020-01-17T01:00:00Z
109,"continue,contrasting,report,croatia,italy",Contrasting Olmo-Milan reports,2020-01-17T01:00:00Z
110,"fabrizio,pasqua,officiate,napoli-fiorentina,weekend",Serie A Week 20 referees,2020-01-17T01:00:00Z
111,"atalanta,announced,theyve,taken,option",Official: Atalanta buy Duvan Zapata,2020-01-17T01:00:00Z
112,"napoli,reportedly,joined,race,manchester",Napoli join Chong race,2020-01-17T01:00:00Z
113,"messages,leonardo,bonucci,leading,juventus",Bonucci discussed return with ultras,2020-01-17T01:00:00Z
114,"roma,race,bologna,sign,roger",Ibanez books Roma medical,2020-01-17T01:00:00Z
115,"hellas,verona,defender,amir,rrahmani",Rrahmani has Napoli medical,2020-01-17T01:00:00Z
116,"ashley,young,expected,milan,today",Young flying in for Inter medical,2020-01-17T01:00:00Z
117,"new,study,suggests,fitbits,heart",Could Fitbit be a flu warning tool?,2020-01-17T00:58:58Z
118,"pinterest,published,sixth,annual,diversity",Pinterest exceeded all of its year’s goals for hiring minorities,2020-01-16T21:03:54Z
119,"mlb,harshly,punished,team,misdeed",The Houston Astros cheating scandal shows how tech is upending baseball,2020-01-16T15:02:58Z
120,"theres,still,plenty,money",Three mega-deals to have on your radar,2020-01-16T14:40:32Z
121,"broadsheet,jan.","The fate of U.S. manufacturing is a women’s issue, too",2020-01-16T12:29:45Z
122,"annual,letter,blackrock,ceo,larry",BlackRock arrives fashionably late to sustainable portfolios,2020-01-16T11:48:38Z
123,"historic,season,lsus,joe,burrow",2020 NFL Mock Draft 4.0: Who's No. 2 after Joe Burrow?,2020-01-15T23:52:42Z
124,"theres,nowhere,left,republicans,senator",Republicans on the spot as Senate braces for impeachment drama,2020-01-17T09:33:00+00:00
125,"remember,people,go,tv,never",Kellyanne Conway Melts Down Under Grilling by Fox News on Lev Parnas,2020-01-16T23:36:00+00:00
126,"servicemembers,treated,concussion,symptom,iranian","11 Americans Were Hurt in Iranian Strike, Military Says, Contradicting Trump",2020-01-17T06:40:00+00:00
127,"position,mutually,exclusive","How thousands of Iranians went from mourning a general to protesting the regime, in a week",2020-01-16T23:00:00+00:00
128,"tucker,carlsonspent,much,monologue,thursday",Tucker Carlson: CNN and Elizabeth Warren found 'common enemy' in Bernie Sanders,2020-01-17T01:42:27+00:00
129,"shivering,coldest,temperature,since,last",Minnesota Weather: 8-10 Inches Of Snow Expected In Metro; Foot Possible In Arrowhead,2020-01-17T04:09:00+00:00
130,"south,carolina,woman,accused,killing",South Carolina wife gets 25 years for killing husband with eye drops,2020-01-17T06:59:00+00:00
131,"wife,presidential,candidate,andrew,yang",Exclusive: Evelyn Yang reveals she was sexually assaulted by her OB-GYN while pregnant,2020-01-17T07:06:00+00:00
132,"whats,future,student,loan,forgiveness",House Overturns Student Loan Forgiveness Rule,2020-01-17T00:59:57+00:00
133,"paula,beth,james,found,back",A woman went missing for six days. Rescuers found her inside an SUV buried in snow — alive.,2020-01-16T16:52:00+00:00
134,"time,australias,aaa,credit,rating",BlackRock is the canary in the coalmine. Its decision to dump coal signals what's next,2020-01-16T04:57:28Z
135,"european,union,considering,banning,facial",EU mulls five-year ban on facial recognition tech in public areas,2020-01-16T20:52:23Z
136,"scientists,finding,galaxy,move,across",There’s Growing Evidence That the Universe Is Connected by Giant Structures,2019-11-11T13:00:00Z
137,"uber,air,hyundai,motor,company","Hyundai & Uber Elevate Unveil Autonomous Pods, eVTOL Aircraft, & Hub Ecosystem At CES | CleanTechnica",2020-01-15T06:59:56Z
138,"pentagon,fear,chinese,interference,taiwans",Exclusive: Washington pressures TSMC to make chips in US,2020-01-15T08:29:23Z
139,"gaming,looking,next,level,weve",Best 4K Gaming Monitors 2020: The Sharpest Ultra HD Displays - IGN,2019-12-05T09:55:04Z
140,"youve,thinking,using,cloud,backup",Best Cloud Storage 2020: Backup Your Data With These Online Storage Services - IGN,2019-12-21T21:49:39Z
141,"season,amcs,better,call,saul",Better Call Saul Renewed for Sixth and Final Season by AMC - IGN,2020-01-17T01:23:03Z
142,"follow,latest,development","Boris Johnson news – live: UK will rejoin EU claims Brussels chief, as Tory squabble erupts over Big Ben bong for Brexit plans",2020-01-17T09:30:00Z
143,"follow,latest,update",Trump impeachment news – live: Third Senate trial in history opens as president rages against latest Ukraine evidence,2020-01-17T09:45:00Z
144,"remarkable,amount,changedfor,one,thing",How Putin’s ‘revolution from above’ looks to ensure president remains in power for life,2020-01-16T17:00:00Z
145,"cocaine,amphetamine,heroin,opioids,name",Chemical conflict: We might want a drugs-free world but wars and soldiers depend on them,2020-01-16T12:54:42Z
146,"theres,nothing,new,sun,lowest-common-denominator","The Masked Singer is gratuitously idiotic and brilliantly, addictively awful",2020-01-17T07:01:45Z
147,"window,two,week,remaining,deal","Transfer news LIVE: Man United offered Edinson Cavani, Chelsea favourites for Timo Werner plus Liverpool and Arsenal latest",2020-01-17T09:14:00Z
148,"beiruts,southern,suburb,hezbollah,hold",Hezbollah supporters say revenge for Soleimani’s death has only just begun,2020-01-17T10:04:44Z
149,"barty,looking,set,aside,patchy",Australian Open 2020: World No 1 Ashleigh Barty embraces burden of history ahead of home Grand Slam,2020-01-17T09:06:38Z
150,"prime,minister,must,explain,government","20 pledges: This year, I'll be holding Boris Johnson to account on the climate crisis",2020-01-16T15:05:06Z
151,"irony,us,first,claimed,iranians",Iran has been changed forever by admitting its great mistake – yet the west ignores its own deceits,2020-01-16T14:18:00Z
152,"maybe,year,well,actually,spend",How to make iPhone's Screen Time actually helpful,2019-05-29T15:00:00Z
153,"words,matter,consequence,safety",AOC opens up about death threats after baseball team shows offensive video of her,2019-05-29T14:51:29Z
154,"drivers,get,deactivated",Uber will now kick off riders with low ratings,2019-05-29T14:00:00Z
155,"metal,mario,join,fray",Metal Mario makes his Hot Wheels debut this summer,2019-05-29T13:00:00Z
156,"amazon,ratcheted,pressure,google","Amazon challenges Google with smaller, cheaper Echo Show",2019-05-29T13:00:00Z
157,"longest,greatest,battle,face",DC’s ‘Doom Patrol’ is the rare superhero show that understands trauma,2019-05-29T12:00:00Z
158,"combined,spent,million,targeted,facebook",Trump and Biden court older women demographic with Facebook ads,2019-05-28T21:52:08Z
159,"see,bros,wife,recreate,iconic",All Three Jonas Brothers End Up In Their Underwear In 'What A Man Gotta Do' Video,2020-01-17T05:22:12Z
160,"featuring,alanis,morisette,btss,suga",Halsey Gets Shockingly Candid On Her New Album Manic: Listen,2020-01-17T06:30:53Z
161,"tommo,get,introspective,title,track","Against All Odds, Louis Tomlinson Stands Tall On His Emotional New Song 'Walls'",2020-01-17T05:32:46Z
162,"back,goal,dream,always,able",Eric Nam Moved To Korea To Make Music — Now He’s Coming Home,2020-01-15T20:12:49Z
163,"new,decade,viral,boogieing,begin",From 'Futsal Shuffle' To The Mop — These Dances Are Taking Over 2020 Already,2020-01-15T18:15:14Z
164,"power,couple,deserves",Twitter Thinks Charles Melton And Vanessa Hudgens Are Going To Start Dating,2020-01-17T10:15:24Z
165,"false,story",Kylie Jenner’s Ex Assistant Sets The Record Straight On Why She Quit The Job,2020-01-17T09:52:21Z
166,"always,stood,love,equality,kindness",TooFaced Founder Fires His Own Sister Over Transphobic NikkieTutorials Comments,2020-01-15T10:18:38Z
167,"f**k,yall,find",James Charles Is Shocked After Fans Dug Up Some Unrecognisable Vintage Snaps,2020-01-15T09:57:22Z
168,"today,day,blame,canadian,foreign","Iran Will Face 'Consequences' For Plane Downing, Canadian Minister Says",2020-01-16T17:13:29Z
169,"filmmaker,said,feud,began,felt","Michael Moore Says Sanders-Warren Feud Is Another Example of Democrats, Liberals Not Getting It Together",2020-01-16T16:41:44Z
170,"representatives,multinational,international,coordination,response","Iran Plane Investigation Will Draw on Lessons Learned From MH17, International Response Group Says",2020-01-16T17:01:18Z
171,"ticket,available,drawing,heres,enter",Kim Kardashian West and Kanye West Rent Out Movie Theaters So Fans Can See 'Just Mercy' for Free,2020-01-16T17:34:23Z
172,"alphabetical,line,lot,nerve,senator","On Day One of the Senate Impeachment Trial, Everyone Was Nervous — and a Little Awkward",2020-01-16T23:59:34Z
173,"senator,vision,le,ideologically,blinkered",Bernie Sanders’s Foreign Policy Is Too Evidence-Based for the Beltway’s Taste,2020-01-16T20:09:37Z
174,"sister,including,idea,globetrotting,crafty",40 Gifts for Every Type of Sister (That You Can Buy on Amazon),2020-01-16T17:46:14Z
175,"live,tv,billion,people,watching",What It’s Like to Manage an Impeachment Trial in the U.S. Senate,2020-01-16T18:36:25Z
176,"lot,shifted,venture-capital,aspiration,royalty",8tracks’ David Porter Explains How the Streaming Industry Has Changed Over the Last Decade,2020-01-16T20:35:36Z
177,"one,know,lev,parnas,somehow",Lev Parnas and His Powerful Republican Friends: A Photo Album,2020-01-16T18:37:30Z
178,"dallas,cowboys,made,change,top",Kellen Moore to keep calling plays under McCarthy,2020-01-16T23:59:00Z
179,"following,rainy,thursday,afternoon,practice",Kittle says ankle feels 'fabulous' ahead of Sunday,2020-01-16T22:34:00Z
180,"tennessee,titans,rb,derrick,henry",Derrick Henry: I get in a rhythm the more carries I get,2020-01-16T21:50:00Z
181,"head,coach,coaching,former,nfl","Ben McAdoo, Mike McCoy interview with Panthers",2020-01-16T19:19:00Z
182,"jones,chiefs,hope,defensive,tackle",Roundup: Chiefs DT Chris Jones (calf) sits out practice,2020-01-16T18:39:00Z
183,"vrabel,saturdays,victory,baltimore,ravens",Vrabel reacts to being hit by ref in Titans-Ravens,2020-01-16T18:04:00Z
184,"police,new,orleans,issued,arrest",NOLA PD issue arrest warrant for Odell Beckham,2020-01-16T17:51:00Z
185,"san,francisco,49ers,fullback,kyle",49ers coach expects George Kittle to play vs. Packers,2020-01-16T15:48:00Z
186,"face,second,northern,california,native",Rodgers dreamed about playing for 49ers as a kid,2020-01-16T14:10:25Z
187,"bengals,coaching,staff,spoke,glowingly",Bengals coaches: Joe Burrow 'checks off a lot of boxes',2020-01-16T13:39:00Z
188,"new,skyrim,coming,elder,scrolls","The Elder Scrolls Online’s Skyrim expansion detailed, new trailer here",2020-01-16T22:48:05Z
189,"overwatch,leagues,third,season,begin",New Overwatch League Brigitte skin a homage to GOATS meta,2020-01-16T21:59:27Z
190,"charity,australian,one,hundred,percent",Australia Fire Relief Humble Bundle will donate all proceeds to charity,2020-01-16T21:05:49Z
191,"cyberpunk,get,multiplayer,likely,wont",Cyberpunk 2077 dev says multiplayer won’t be available until after 2021,2020-01-16T20:49:27Z
192,"australian,wildfire,country,devastating,resident",Destiny’s new ‘Guardians for Australia’ shirt funds wildfire relief effort,2020-01-16T20:35:36Z
193,"randomness,latest,video,mark,brown",Games use two types of randomness. Which one is more fair?,2020-01-16T20:00:00Z
194,"horizon,zero,dawn,released,new",Report: PS4 exclusive Horizon Zero Dawn coming to PC,2020-01-16T19:55:13Z
195,"year,overwatch,new,rat,begin","Overwatch Lunar New Year 2020 skins, dates, and gameplay modes revealed",2020-01-16T19:10:00Z
196,"switch,swapping,devil,may,cry",Devi May Cry 3 for switch comes with new style swap feature,2020-01-16T18:55:37Z
197,"cyberpunk,pushed,back,new,launch",Cyberpunk 2077 delayed to September release date,2020-01-16T17:41:02Z
198,"launch,april,feature,news,olympics",Comcast and NBC’s Peacock streaming service bets on ads,2020-01-15T16:40:00Z
199,"one,new,york,school,district",Lockport schools in New York have ignited a debate over facial recognition,2020-01-16T23:30:00Z
200,"neverwarren,trending,democratic,debate,make","Elizabeth Warren, Bernie Sanders, and how Twitter made their fight worse",2020-01-16T00:20:00Z
201,"terrible,smaller,advertiser",Google Chrome’s cookie ban is good news for Google — and maybe your privacy,2020-01-16T19:10:00Z
202,"tech,leader,like,ron,conway","Bloomberg plans to make a secret pitch to Silicon Valley billionaires, showing he’s not afraid to schmooze Bi…",2020-01-16T02:00:00Z
203,"dozens,tech,company,signed,onto","Twitter, Microsoft, LinkedIn, are signing onto an amicus brief appealing Trump’s public charge rule",2020-01-17T01:50:00Z
204,"theres,room,multiple,streaming,service",Netflix iPhone app users are also subscribing to Disney+,2020-01-15T14:00:00Z
205,"new,bill,would,uncover,often",AB 1712 is the California donor-advised fund bill that everyone should pay attention to,2020-01-15T00:30:00Z
206,"departure,latest,chapter,drama,clouded",Away exec Erin Grau quit on day founder Steph Korey announced CEO return,2020-01-14T22:30:00Z
207,"scholar,make,case,platform,democratic",In defense of Twitter,2020-01-14T13:30:00Z
208,"national,survey,released,thursday,found",Maine’s Susan Collins has highest disapproval rating of any senator in national survey,2020-01-16T18:28:10Z
209,"post,vote,view",Imgur,2020-01-16T00:00:00Z
210,"intense,thunderstorm,heavy,rain,dampened",Australia's bushfire-stricken east welcomes drenching rain,2020-01-17T07:10:49Z
211,"china,temasek,holdings,trustbridge,partners","Exclusive: Temasek, Trustbridge target majority stake in WeWork China at $1 billion valuation – sources",2020-01-17T05:12:29Z
212,"year,chinas,economic,growth,cooled","China posts weakest growth in 29 years as trade war bites, but ends 2019 on better note",2020-01-17T07:02:39Z
213,"drinking,nightclub,mozambique,kamal,moukheiber",Can 'Made in Africa' cigars compete with Cuba?,2020-01-17T10:05:07Z
214,"google-parent,alphabet,inc,became,thursday",Which company just hit $1 trillion? Google it.,2020-01-17T09:51:15Z
215,"supreme,leader,ayatollah,ali,khamenei",Khamenei says Iran's strikes at U.S. targets show 'hand of God',2020-01-17T09:28:56Z
216,"irans,supreme,leader,called,friday",Iran's Khamenei calls for unity after unrest over plane disaster,2020-01-17T09:28:15Z
217,"world,share,rose,record,high",World shares up as China data fuels bets on growth,2020-01-17T09:22:07Z
218,"indian,prime,minister,narendra,modis","After India's Amazon snub, Modi's party slams Bezos-owned Washington Post",2020-01-17T08:17:27Z
219,"iranian,supreme,leader,ayatollah,ali",Iran's Khamenei says Europeans cannot be trusted in nuclear row,2020-01-17T09:15:30Z
220,"funnel,stockholm-based,startup,offer,technology",Funnel closes $47M Series B to prepare marketing data for better reporting and analysis,2020-01-17T07:00:18Z
221,"future,transportation,industry,bursting,seam",Trucks VC general partner Reilly Brennan is coming to TC Sessions: Mobility,2020-01-17T01:00:50Z
222,"launch,year,spinlaunch,company,aim",SpinLaunch spins up a $35M round to continue building its space catapult,2020-01-17T00:41:22Z
223,"mint,intuit,acquired,decade,ago",Copilot is a subscription personal finance tracker aiming to kill Mint,2020-01-16T23:28:13Z
224,"joint,venture,foxconn,technology,group","Foxconn and Fiat Chrysler partner to develop EVs and an ""internet of vehicles"" business",2020-01-16T23:15:26Z
225,"visa,plaid,bought,week,billion",Visa's Plaid acquisition shows a shifting financial services landscape,2020-01-16T22:45:41Z
226,"alphabet,afternoon,became,fourth,tech",Investors like Sundar Pichai; they just pushed Alphabet into the trillion dollar club for the first time,2020-01-16T22:31:22Z
227,"try,might,even,advanced,roboticists",'PigeonBot' brings flying robots closer to real birds,2020-01-16T22:21:39Z
228,"service,nbcuniversal,officially,unveiled,new","NBCU's streaming service Peacock launches April 15 for Comcast subscribers, everyone else on July 15",2020-01-16T21:47:47Z
229,"theres,leaked,model,number,samsungs","New Samsung smartwatch is in the works, but we don't know if it's the Galaxy Watch 2",2020-01-17T09:09:56Z
230,"less,half,predecessor,price","Samsung Galaxy Fold 2 price could be much, much cheaper than we expected",2020-01-16T16:58:00Z
231,"might,beat,google,pixel,5g",First signs of the Google Pixel 4a surface with a 5G-capable version,2020-01-17T00:40:45Z
232,"futuristic,dystopia,keanu,reeves,coming","Cyberpunk 2077 release date, price, trailers, gameplay and news",2020-01-17T07:16:23Z
233,"another,fail,time,serious",Microsoft releases critical Windows 10 security update – which doesn’t work,2020-01-17T09:59:13Z
234,"get,powerful,xps,4k,laptop",Dell laptop deal: the XPS 13 laptop gets a massive $969 price cut,2020-01-16T15:20:57Z
235,"rejection,came,soon,union,home",President rejects mercy plea of Nirbhaya convict Mukesh Singh,2020-01-17T07:05:52Z
236,"state,minister,brahm,mohindra,moved",Punjab Assembly moves resolution against CAA,2020-01-17T08:16:28Z
237,"lakh,bench,justice,manmohan,sangeeta","Unnao rape case: High Court seeks CBI’s response on Sengar’s appeal challenging conviction, life term",2020-01-17T06:50:00Z
238,"night,intervening,thursday-friday,also,coldest",Mumbai experiences the coldest night of the season at 11.4 degrees Celsius,2020-01-17T06:47:03Z
239,"members,petitioned,commissioner,police,coimbatore",Dravidar Viduthalai Kazhagam demands action against Rajinikanth,2020-01-17T09:34:20Z
240,"gsat-30,dth,television,service,broadband","ISRO’s GSAT-30 satellite launched, to replace ageing INSAT-4A",2020-01-16T23:38:50Z
241,"top,image,day","Today’s news in pictures: Taal volcano, Olympics 2020 preparations in Tokyo, and more",2020-01-17T04:56:41Z
242,"opposing,internationalising,kashmir,dispute,india",Talking of Kashmir: on China raising Kashmir issue again at UNSC,2020-01-16T18:35:00Z
243,"two,national,team,event,within",One Cup too many: on men's tennis matches,2020-01-16T18:35:00Z
244,"president,provided,evidence,reporter,know",Trump Pushes Media To Unmask Whistleblower: 'You Know Who It Is',2019-11-03T22:48:36Z
245,"depends,negotiation,president,said,wouldnt",Trump Refuses To Guarantee No Shutdown Over Impeachment: 'We'll See',2019-11-03T21:50:09Z
246,"white,house,counselor,said,unaware",Kellyanne Conway: 'I Don't Know' Whether There Was A Quid Pro Quo With Ukraine,2019-11-03T19:27:18Z
247,"joyciline,jepkosgei,also,kenya,dethroned",Kenya's Geoffrey Kamworor Wins 2nd NYC Marathon Title In 3 Years,2019-11-03T17:47:04Z
248,"robert,blair,mulvaneys,senior,national",Mick Mulvaney's Top Aide Refuses To Testify In Impeachment Inquiry,2019-11-03T17:02:06Z
249,"james,michelle,butler,traveling,country",Missing New Hampshire Couple Found Buried On Texas Beach,2019-11-03T21:26:44Z
250,"feud,warren,economist,larry,summers","For Elizabeth Warren, The Wealth Tax Is About More Than Money",2019-11-03T12:00:18Z
251,"president,scoffed,several,mainstream,medium",Trump Dismisses Support For Impeachment: 'I Have The Real Polls',2019-11-03T20:32:02Z
252,"naturalist,beat,sir,richard,branson",Sir David Attenborough Has Been Named As The Nation's Dream Prime Minister,2020-01-16T11:44:50Z
253,"suzanne,heathcote,previously,worked,fear",Killing Eve Season Three Set For UK Summer Release Date,2020-01-15T17:26:38Z
254,"writer,director,shared,good,news",Haunting of Hill House Writer Is Working On New Horror Series Called Midnight Mass,2020-01-15T11:14:40Z
255,"morbius,set,released,united,states",Trailer For New Jared Leto Spider-Man Spinoff Morbius Drops,2020-01-13T17:02:32Z
256,"record,praised,critic,fan",Mac Miller's Posthumous Album Is Released Today,2020-01-17T10:42:15Z
257,"want,stand,hard,hearing",Deaf Man Sues Pornhub Claiming There Is A Lack Of Closed Captioning,2020-01-17T09:28:40Z
258,"rapper,released,surprise,new,album",Eminem Slammed For 'Disgusting' Lyric About Ariana Grande Manchester Concert Bombing In New Song,2020-01-17T08:43:17Z
259,"rodriguez,arrested,transported,charlton,barracks",​Couple Pursue 11-Year-Old’s Kidnapper In Car Chase And Help Cops Rescue Her,2020-01-17T07:46:18Z
260,"rapper,11th,studio,album,whopping",Eminem Drops Surprise Album Titled ​Music To Be Murdered By,2020-01-17T05:53:05Z
261,"bring,fan,right,point,breaking",Better Call Saul Has Been Renewed For A Sixth And Final Season,2020-01-17T05:26:07Z
262,"bitcoin,satoshi,nakaboto,day,robot",Satoshi Nakaboto: ‘Bitcoin is now worth as much as McDonald’s’,2020-01-17T11:01:30Z
263,"like,think,somewhere,inside,bureaucratic",This genius combined all the macOS 10 wallpapers into a psychedelic masterpiece,2020-01-17T10:15:49Z
264,"tax,resident,pay,bitcoin,new",New Hampshire bill to allow taxes to be paid in Bitcoin falls short,2020-01-17T09:52:00Z
265,"bi-weekly,newsletter,subscribe,welcome,latest",Pardon the Intrusion #9: Privacy or security?,2020-01-17T05:10:14Z
266,"yes,possible,bring,wework,company",WeWork can be salvaged — but its turnaround plan isn’t enough,2020-01-17T09:00:06Z
267,"xiaomi,india,poco,launched,super-successful",Xiaomi India spins off POCO — but no word on its next product,2020-01-17T08:05:31Z
268,"china,every,day,find,new",Shanghai is testing facial recognition at pharmacies to catch drug abusers,2020-01-17T07:13:58Z
269,"company,last,googles,parent,alphabet",Alphabet joins the trillion dollar club,2020-01-17T05:23:47Z
270,"whatsapp,good,news,facebook,dropping",Rejoice! Facebook drops plans of showing ads on WhatsApp,2020-01-17T04:48:09Z
271,"subscribe,bi-weekly,newsletter",Pardon the Intrusion #8: Location trackers,2020-01-17T04:30:57Z
272,"average,around,four,packet,cigarette",Juventus 'Irritated' By Maurizio Sarri After He Refused To Stop Smoking Even While Struggling With Pneumonia,2019-08-29T07:35:51Z
273,"bt,sports,script,predicted,jurgen",Supercomputer Predicts The Champions League Winner For 2019-20 Season,2019-08-29T06:51:10Z
274,"everton,forward,messed,messis,iconic",Richarlison Gets The Lionel Messi Shirt Celebration All Wrong,2019-08-28T21:49:20Z
275,"40-year,old,two,separate,altercation",UFC Fall of Famer BJ Penn Knocked Out Cold In One Of Two Bar Fights In Hawaii,2019-08-28T21:12:53Z
276,"ufc,fighter,said,earned,posting",Dana White Hits Back At Paige VanZant After Instagram Claims,2019-08-28T21:07:40Z
277,"one,absolute,cracker",Juventus vs Napoli: Live Stream And TV Channel Info For Huge Serie A Clash,2019-08-28T20:26:24Z
278,"league,one,side,game,suspended",Bury FC Have Been Expelled From The EFL,2019-08-27T22:16:21Z
279,"fan,liverpools,rival,think,form",Everton Fan Claims Liverpool Are 'Doping' To Make Players Better,2019-08-26T13:26:33Z
280,"india,news,president,ram,nath",Nirbhaya gang-rape and murder case: President rejects convict Mukesh Singh's mercy plea,2020-01-17T01:20:00Z
281,"india,news,russian,deputy,chief",All S-400 missiles to be delivered to India by 2025: Russian deputy chief of mission,2020-01-17T01:01:00Z
282,"bjp,actor,pawan,kalyans,jana","BJP, Jana Sena sew up alliance in Andhra Pradesh, keep TDP at bay",2020-01-16T19:58:00Z
283,"india,news,rahul,gandhi,friday","Rahul hits out at NIA chief, says best way to 'silence' Davinder Singh is to give him case",2020-01-17T01:19:00Z
284,"satellite,india,news,first,launch",India’s first satellite of 2020 Gsat-30 successfully launched from French Guiana,2020-01-16T16:32:00Z
285,"armslist,one,easiest,way,buy",Armslist: inside the crime-friendly Craigslist of guns,2020-01-16T13:00:00Z
286,"blass,phone,new,render,evan",Huawei P40 Pro leak shows off five-camera bump and ceramic body,2020-01-17T02:18:00Z
287,"rocket,early,saturday,morning,spacex",SpaceX will destroy one of its rockets in the pursuit of safety this weekend,2020-01-16T15:00:00Z
288,"comcast,nbcuniversal,gave,first,look",Here’s what NBC’s Peacock streaming service will look like when it launches this July,2020-01-16T22:43:19Z
289,"new,microsofts,windows,edge,werent","The browser wars are back, but it’s different this time",2020-01-16T12:00:00Z
290,"nintendo,direct,presentation,today,director",Super Smash Bros. Ultimate’s next fighter is Fire Emblem’s Byleth,2020-01-16T14:06:31Z
291,"game,open-world,role-playing,cyberpunk,delayed",Cyberpunk 2077 is being delayed to September 17th,2020-01-16T17:55:17Z
292,"carbon,part,effort,address,climate",Microsoft wants to capture all of the carbon dioxide it’s ever emitted,2020-01-16T17:30:49Z
293,"frequently,battleground,warring,force,hashtags",Twitter hashtags aren’t as useful as they used to be,2020-01-17T11:00:00Z
294,"bt,uk,partnered,google,bundle",BT partners with Google to bundle free Stadia with broadband deals in the UK,2020-01-17T10:01:13Z
295,"house,manager,read,article,impeachment",Senators Sworn In as Trump Impeachment Trial Begins,2020-01-16T12:30:00Z
296,"growth,may,slow,year,could",China’s Economic Growth Slows to 6.1% as Trade and Business Confidence Suffer,2020-01-17T04:40:00Z
297,"new,approach,finger,eye,world",U.S.-China Deal Could Upend the Way Nations Settle Disputes,2020-01-16T21:53:00Z
298,"attorney,general,earlier,service,telecom","Barr’s Encryption Push Is Decades in the Making, But Troubles Some at FBI",2020-01-17T10:30:00Z
299,"ftc,probe,shelf-space,impact,year",Altria-Juul Deal Is Stuck in Antitrust Review,2020-01-17T10:30:00Z
300,"google,parent,join,elite,group",Alphabet Becomes Fourth U.S. Company to Reach $1 Trillion Market Value,2020-01-16T21:06:00Z
301,"eleven,people,screened,traumatic,brain",American Troops Were Injured in Jan. 8 Iran Missile Attack,2020-01-17T05:58:00Z
302,"handful,proposal,limiting,retirement,tax","After Stretch IRAs, What Retirement Breaks Could Congress Chop Next?",2020-01-17T10:30:00Z
303,"human,body,changed,time,new",98.6 Degrees Fahrenheit Isn’t the Average Any More,2020-01-17T10:30:00Z
304,"spent,michael,bloomberg,roughly,three-quarters",The Bloomberg Effect: Huge Spending Transforms 2020 Campaign Dynamics,2020-01-16T16:16:00Z
305,"jared,kushner,charge,trumps,re-election",Inside Jared Kushner’s Unusual White House Role,2020-01-16T11:08:30Z
306,"men,arrested,federal,charge,believed",FBI Arrests 3 Men Linked to Violent White Supremacist Group Ahead of Pro-Gun Rally,2020-01-16T22:35:58Z
307,"shells,decision,reduce,reliance,fossil",The Reason Fossil Fuel Companies Are Finally Reckoning With Climate Change,2020-01-16T10:43:29Z
308,"revision,russias,constitution,could,provide",'A Bloodless Revolution.' Putin’s Plan to Rewrite Russia’s Constitution Could Allow Him to Lead for Years to Come,2020-01-15T18:48:21Z
309,"lev,parnas,one,key,figure",Lev Parnas Hits the Airwaves on the Eve of Trump's Impeachment Trial,2020-01-16T04:23:00Z
310,"irans,supreme,leader,addressed,friday",Iran's Supreme Leader Calls Trump a 'Clown' in Friday Prayers Sermon,2020-01-17T09:31:12Z
311,"novel,coronavirus,originated,wuhan,china","The Coronavirus From Wuhan, China Has Been Detected in Japan and Thailand. Here's What to Know",2020-01-06T07:52:13Z
